,type,Volume (m3),dVolume (m3),Sed export (Mg),dSed export (Mg),P export (Mg),dP export (Mg)
0,deposition,3917855.2037440008,1129688.8495960047,1397954.5086298534,398181.2940675895,453.149350117649,144.42282735803656
1,erosion,-15649559.294423252,3174863.9813505993,-19450890.103911072,4024435.2049964974,-8712.044721987948,1740.2344537086292
